scenario,estimator,mean_est,target,bias,rmse,mc_sd,mean_se,coverage,reject_zero,rel_bias_pct
S0 baseline (p=.70),DiD,-0.006754375829697923,-0.006866653040311208,0.00011227721061328518,0.0012147996879314739,0.001234242123965075,0.0011899494373887709,0.9575,1.0,1.6351082536739994
S0 baseline (p=.70),DiD implied p-hat,0.7048915533920956,0.7,0.004891553392095644,0.05308132975102317,0.05292165935248712,0.05206121478973395,0.9575,1.0,0.6987933417279492
S0 baseline (p=.70),Path a (pooled),0.2992696734621401,0.30000000000000004,-0.0007303265378599371,0.009315886579361155,0.009298846017154236,0.009266941950153774,0.955,1.0,-0.2434421792866457
S0 baseline (p=.70),Indirect a*b (pooled),-0.005992417782453142,-0.006000000000000001,7.582217546859315e-06,0.0003229332181885623,0.00032324850715841514,0.0003164879861436217,0.9475,1.0,0.1263702924476552
S0 baseline (p=.70),Direct c' (pooled),3.107314499441752e-05,0.0,3.107314499441752e-05,0.00042953536433448694,0.00042894647284425863,0.0003951111858386345,0.9325,0.0675,
S0 baseline (p=.70),Indirect a*b (FE),-0.005981463996054783,-0.006000000000000001,1.8536003945217393e-05,0.00025199165022142945,0.0002516237162421318,0.00025125282837019805,0.9525,1.0,0.3089333990869565
S0 baseline (p=.70),Direct c' (FE),9.704524349668388e-06,0.0,9.704524349668388e-06,0.0002919103763228457,0.00029211439035886085,0.00029257930975648544,0.955,0.045,
S0 baseline (p=.70),IV 2SLS,-0.025295846340811567,-0.025002781750359495,-0.00029306459045207005,0.015164010857199295,0.015181252653617342,0.016330683512160365,0.9725,0.3575,-1.1721279391156398
S0 baseline (p=.70),IV naive OLS,-0.025479135960149522,-0.025002781750359495,-0.0004763542097900274,0.0021796491906939633,0.0021328070549767445,0.00206409337090948,0.9275,1.0,-1.9052048469893885
S1 true p=.50,DiD,-0.011536572296982293,-0.011401564120649584,-0.00013500817633271025,0.0012501181321941208,0.0013082069320404922,0.001260620751443803,0.965,1.0,-1.1841197830760295
S1 true p=.50,DiD implied p-hat,0.4940857279239044,0.5,-0.0059142720760955525,0.05501922235931868,0.05476892643727647,0.055348601147651194,0.965,1.0,-1.1828544152191105
S1 true p=.50,Path a (pooled),0.500830037905018,0.5,0.0008300379050179656,0.00972786750475153,0.009704529251138334,0.010114479799572697,0.9575,1.0,0.1660075810035931
S1 true p=.50,Indirect a*b (pooled),-0.010043190942581097,-0.01,-4.3190942581096906e-05,0.0004368906174756753,0.00043529490953018345,0.00044122061856237166,0.96,1.0,-0.431909425810969
S1 true p=.50,Direct c' (pooled),2.5012462252030355e-05,0.0,2.5012462252030355e-05,0.0005113006461468378,0.0005113280438263413,0.0004933818337714762,0.945,0.055,
S1 true p=.50,Indirect a*b (FE),-0.010018777346632006,-0.01,-1.8777346632006545e-05,0.0003443148613633239,0.0003442330256511987,0.0003464403407066715,0.9475,1.0,-0.18777346632006545
S1 true p=.50,Direct c' (FE),-1.6702890518663276e-05,0.0,-1.6702890518663276e-05,0.00038286264544513075,0.00038297715006151286,0.0003715013474881722,0.9375,0.0625,
S1 true p=.50,IV 2SLS,-0.041764255252668636,-0.041665715732767124,-9.853951990151627e-05,0.01714161258817154,0.017160569924567767,0.016673790509014873,0.9475,0.7275,-0.2365002452700505
S1 true p=.50,IV naive OLS,-0.04285661356644639,-0.041665715732767124,-0.0011908978336792678,0.0024608573930226633,0.002154639695107351,0.002110155876811991,0.915,1.0,-2.8582200323099483
S2 true p=.90,DiD,-0.0022934605629296254,-0.002279593153840959,-1.3867409088666616e-05,0.000992490560017012,0.000995374968874844,0.001072960780599217,0.9475,0.5625,-0.6083282477533756
S2 true p=.90,DiD implied p-hat,0.8993553866811663,0.9,-0.0006446133188336367,0.04383685793846837,0.04388701131304815,0.047127151047833216,0.9475,1.0,-0.07162370209262629
S2 true p=.90,Path a (pooled),0.09983053673334817,0.09999999999999998,-0.00016946326665180693,0.006186237794679613,0.006191660674516088,0.006054510896069489,0.935,1.0,-0.16946326665180697
S2 true p=.90,Indirect a*b (pooled),-0.001993486598758097,-0.0019999999999999996,6.5134012419024415e-06,0.00018460402532288498,0.00018472012771659038,0.00017740678261268363,0.94,1.0,0.32567006209512217
S2 true p=.90,Direct c' (pooled),-3.607489079927653e-06,0.0,-3.607489079927653e-06,0.00033306628095780723,0.0003334638344044862,0.0003280280392197195,0.9425,0.0575,
S2 true p=.90,Indirect a*b (FE),-0.0019965293697341998,-0.0019999999999999996,3.4706302657997684e-06,0.00013690361174857867,0.00013703100882213017,0.0001434712502142303,0.9575,1.0,0.17353151328998845
S2 true p=.90,Direct c' (FE),6.3347747588263976e-06,0.0,6.3347747588263976e-06,0.00023281091344562525,0.0002330161654941464,0.00023906153046865028,0.96,0.04,
S2 true p=.90,IV 2SLS,-0.008059072596881016,-0.008334508634895267,0.0002754360380142524,0.015633389423300687,0.01565114532092494,0.01584296236145847,0.9575,0.07,3.3047663645226226
S2 true p=.90,IV naive OLS,-0.008523452940614825,-0.008334508634895267,-0.00018894430571955682,0.001916669981023249,0.0019080691669697224,0.0019423916536560673,0.96,0.9925,-2.2670119379140954
S3 pre-trend d=-.002,DiD,-0.012301486901151985,-0.006849431174071229,-0.005452055727080757,0.005566369560487047,0.0011533529822209028,0.0011876918376698574,0.0025,1.0,-79.59866430543477
S3 pre-trend d=-.002,DiD implied p-hat,0.4609478916362784,0.7,-0.23905210836372148,0.2441624374586592,0.04975514333547885,0.05208265709284146,0.0025,1.0,-34.15030119481736
S3 pre-trend d=-.002,Path a (pooled),0.2993096424665584,0.30000000000000004,-0.0006903575334416377,0.0092498697134567,0.009235623316107923,0.009283368917403707,0.9475,1.0,-0.2301191778138792
S3 pre-trend d=-.002,Indirect a*b (pooled),-0.005982297443041609,-0.006000000000000001,1.77025569583924e-05,0.0003325409785997215,0.0003324853201955827,0.00031672308022356746,0.9325,1.0,0.29504261597320663
S3 pre-trend d=-.002,Direct c' (pooled),-0.001497169083419239,0.0,-0.001497169083419239,0.0015496628185164753,0.00040042532117814977,0.00039723731693315435,0.0325,0.9675,
S3 pre-trend d=-.002,Indirect a*b (FE),-0.0059684177835004236,-0.006000000000000001,3.1582216499577546e-05,0.0002612275739781244,0.00025963616148052485,0.0002521518696637149,0.9475,1.0,0.5263702749929591
S3 pre-trend d=-.002,Direct c' (FE),-0.001208713230509645,0.0,-0.001208713230509645,0.001242956191945625,0.0002901083048764766,0.0002953169547014294,0.0175,0.9825,
S3 pre-trend d=-.002,IV 2SLS,-0.029966454059602278,-0.025005135346704854,-0.004961318712897422,0.016988714993328352,0.016264868999491422,0.01645244992733313,0.9425,0.4925,-19.841199194113614
S3 pre-trend d=-.002,IV naive OLS,-0.03322672908495286,-0.025005135346704854,-0.00822159373824801,0.00847607502560861,0.00206833927181337,0.002067466514318643,0.0225,1.0,-32.87962102285298
S4 pre-trend d=-.005,DiD,-0.020511098609124513,-0.006856355463368655,-0.013654743145755856,0.013704014337043184,0.0011735403546082137,0.0012047232410899516,0.0,1.0,-199.1545394445904
S4 pre-trend d=-.005,DiD implied p-hat,0.1016820221088576,0.7,-0.5983179778911424,0.6009513448087347,0.05626749716999814,0.052776629894837265,0.0,0.5075,-85.47399684159178
S4 pre-trend d=-.005,Path a (pooled),0.30070230437895495,0.30000000000000004,0.0007023043789549106,0.009380092146909394,0.009365477974349851,0.009286209003467865,0.9475,1.0,0.23410145965163684
S4 pre-trend d=-.005,Indirect a*b (pooled),-0.006007742783669105,-0.006000000000000001,-7.742783669104239e-06,0.00032194015909679054,0.0003222501018785287,0.000325383623385064,0.9475,1.0,-0.12904639448507063
S4 pre-trend d=-.005,Direct c' (pooled),-0.0036906051262119077,0.0,-0.0036906051262119077,0.003712365603521974,0.0004018655451546096,0.0004141660710084574,0.0,1.0,
S4 pre-trend d=-.005,Indirect a*b (FE),-0.0060183218734287305,-0.006000000000000001,-1.8321873428729583e-05,0.0002586970809091729,0.00025837061959065277,0.0002599920279854829,0.9575,1.0,-0.305364557145493
S4 pre-trend d=-.005,Direct c' (FE),-0.0029228168005150175,0.0,-0.0029228168005150175,0.0029399547765808164,0.0003173765249889294,0.0003130381925279655,0.0,1.0,
S4 pre-trend d=-.005,IV 2SLS,-0.0403250749056484,-0.024994123120278364,-0.015330951785370039,0.023045640620865733,0.017231399185082086,0.01686740656369552,0.8225,0.665,-61.3382262365974
S4 pre-trend d=-.005,IV naive OLS,-0.04445142938509483,-0.024994123120278364,-0.019457306264816468,0.019584145623216122,0.0022270545970073806,0.002112900495780897,0.0,1.0,-77.84752508092697
S5 fatigue k=.15,DiD,-0.011583678612587477,-0.006838967359363644,-0.004744711253223833,0.004906053428795323,0.0013085254264808687,0.0012541873576027032,0.0425,1.0,-69.37759758024815
S5 fatigue k=.15,DiD implied p-hat,0.49186069227945983,0.7,-0.20813930772054012,0.21509808492352062,0.05433779724929201,0.05508726597645848,0.0425,1.0,-29.734186817220017
S5 fatigue k=.15,Path a (pooled),0.39851944081074747,0.30000000000000004,0.09851944081074741,0.0990431522488423,0.010184552149269931,0.009904389581361927,0.0,1.0,32.83981360358246
S5 fatigue k=.15,Indirect a*b (pooled),-0.00795566969736511,-0.006000000000000001,-0.00195566969736511,0.001995813004305557,0.00039877705653042764,0.000379204834573142,0.0025,1.0,-32.59449495608516
S5 fatigue k=.15,Direct c' (pooled),-1.7480321257810212e-05,0.0,-1.7480321257810212e-05,0.0004595324734313022,0.00045977496130631654,0.00044098636743903686,0.94,0.06,
S5 fatigue k=.15,Indirect a*b (FE),-0.008020101923833907,-0.006000000000000001,-0.0020201019238339064,0.0020465987944073153,0.00032867142384783546,0.00029980268637477966,0.0,1.0,-33.66836539723177
S5 fatigue k=.15,Direct c' (FE),8.120905201005715e-06,0.0,8.120905201005715e-06,0.00034909345525342586,0.0003494360532167667,0.0003277462601874513,0.935,0.065,
S5 fatigue k=.15,IV 2SLS,-0.0322787896832114,-0.02499983265005257,-0.0072789570331588315,0.01745155826322624,0.015879383928526922,0.016596506948178567,0.94,0.5125,-29.1160230352323
S5 fatigue k=.15,IV naive OLS,-0.03428970143158596,-0.02499983265005257,-0.009289868781533393,0.009527886691289674,0.0021264796513049845,0.0021068382361384263,0.01,1.0,-37.15972387324704
S6 fatigue k=.30,DiD,-0.014798285361290636,-0.006858884193943245,-0.00793940116734739,0.008041274970542786,0.0013590475200837677,0.001288531669548153,0.0,1.0,-115.7535386638879
S6 fatigue k=.30,DiD implied p-hat,0.3527695258783766,0.7,-0.3472304741216233,0.351442874038344,0.054318208023749204,0.05643305737901547,0.0,1.0,-49.60435344594619
S6 fatigue k=.30,Path a (pooled),0.4712157388168599,0.30000000000000004,0.17121573881685986,0.17153436910311304,0.010463473404614575,0.010075006503955233,0.0,1.0,57.071912938953275
S6 fatigue k=.30,Indirect a*b (pooled),-0.009418884279212858,-0.006000000000000001,-0.0034188842792128565,0.0034471395576884663,0.00044100752217889365,0.00042637445758221293,0.0,1.0,-56.9814046535476
S6 fatigue k=.30,Direct c' (pooled),-7.5400685419085844e-06,0.0,-7.5400685419085844e-06,0.0004954178857454737,0.0004959808680145736,0.00048071033403210674,0.945,0.055,
S6 fatigue k=.30,Indirect a*b (FE),-0.009484023859719748,-0.006000000000000001,-0.0034840238597197465,0.0035015841824451305,0.0003506807295656162,0.0003337265107293157,0.0,1.0,-58.06706432866243
S6 fatigue k=.30,Direct c' (FE),1.1166493690867502e-05,0.0,1.1166493690867502e-05,0.0003695838274344199,0.0003698777348890355,0.0003578398631913329,0.9375,0.0625,
S6 fatigue k=.30,IV 2SLS,-0.03809005617108378,-0.02499861198072189,-0.013091444190361892,0.021334524659503497,0.016873492612861342,0.016733275341041125,0.875,0.6325,-52.368684311183294
S6 fatigue k=.30,IV naive OLS,-0.04081340587838485,-0.02499861198072189,-0.01581479389766295,0.01596898728625544,0.0022197993901047967,0.002128039332608337,0.0,1.0,-63.26268798387207
S7 unobs. confounder,DiD,-0.006877902897144888,-0.0068397576380786395,-3.814525906624824e-05,0.0013128279688199766,0.0013902641466225893,0.0013680662910280869,0.96,0.9975,-0.5576989870793674
S7 unobs. confounder,DiD implied p-hat,0.6987875930957052,0.7,-0.0012124069042948585,0.05757308310633128,0.05763240149535895,0.06008364996929438,0.96,1.0,-0.17320098632783693
S7 unobs. confounder,Path a (pooled),0.2998348995885363,0.30000000000000004,-0.00016510041146372738,0.00876963815782282,0.008779064597740737,0.009269817017006507,0.955,1.0,-0.05503347048790911
S7 unobs. confounder,Indirect a*b (pooled),-0.0059917776850834294,-0.006000000000000001,8.222314916571695e-06,0.00043106451287969097,0.0004315258325546956,0.0004163242346424291,0.935,1.0,0.13703858194286156
S7 unobs. confounder,Direct c' (pooled),-0.010692480900402344,0.0,-0.010692480900402344,0.010707149856663328,0.0005609786003509935,0.0005802080800545702,0.0,1.0,
S7 unobs. confounder,Indirect a*b (FE),-0.005979012023397627,-0.006000000000000001,2.0987976602373122e-05,0.00026186971418463387,0.0002613541985275922,0.00025160064322997773,0.9425,1.0,0.34979961003955196
S7 unobs. confounder,Direct c' (FE),-2.514534818531249e-05,0.0,-2.514534818531249e-05,0.00029537025560260065,0.0002946665408306442,0.00029239645003222513,0.945,0.055,
S7 unobs. confounder,IV 2SLS,-0.023839411301586885,-0.02499763609338358,0.001158224791796693,0.023577482028427906,0.023577773457418988,0.02261126789711456,0.945,0.25,4.633337278252698
S7 unobs. confounder,IV naive OLS,-0.0984261730582052,-0.02499763609338358,-0.07342853696482163,0.0734850072816553,0.002886271950892681,0.00280456369090637,0.0,1.0,-293.7419229982983
S8 IV exclusion violated,DiD,-0.006589302320945639,-0.00683585508733229,0.00024655276638665074,0.001255038416662618,0.00124564623881908,0.001205921392958324,0.9375,0.9975,3.606758236340387
S8 IV exclusion violated,DiD implied p-hat,0.7107665103147142,0.7,0.010766510314714246,0.055233832434740206,0.05424217949310773,0.05297981699742975,0.9375,1.0,1.5380729021020352
S8 IV exclusion violated,Path a (pooled),0.30022680351141484,0.30000000000000004,0.00022680351141482328,0.0094412246298792,0.009450320315428893,0.009262133105748688,0.9475,1.0,0.07560117047160775
S8 IV exclusion violated,Indirect a*b (pooled),-0.00599411269177642,-0.006000000000000001,5.887308223580842e-06,0.00032826075363439174,0.00032861898617347657,0.00031876676778465145,0.935,1.0,0.09812180372634735
S8 IV exclusion violated,Direct c' (pooled),0.000281987966090413,0.0,0.000281987966090413,0.00048561855146283503,0.0003958533999990163,0.0004007262494088756,0.8775,0.1225,
S8 IV exclusion violated,Indirect a*b (FE),-0.006001231726453933,-0.006000000000000001,-1.2317264539320585e-06,0.000238118155291106,0.00023841317252043783,0.00025171817955797147,0.9575,1.0,-0.02052877423220097
S8 IV exclusion violated,Direct c' (FE),2.4356339825503927e-05,0.0,2.4356339825503927e-05,0.0002672985976234721,0.0002665199640361939,0.00029279118329497694,0.9725,0.0275,
S8 IV exclusion violated,IV 2SLS,0.14519613702220913,-0.024996520738707208,0.17019265776091635,0.1720843373695226,0.025477499564599895,0.027630764964093855,0.0,1.0,680.865387387183
S8 IV exclusion violated,IV naive OLS,-0.023789394944856605,-0.024996520738707208,0.0012071257938506019,0.0023666688757762585,0.0020409819200692316,0.002086876165266984,0.915,1.0,4.829175253903888
S9 drift decay .1 (hypothesis),DiD,-0.004921106817848569,-0.006848153543552522,0.0019270467257039533,0.0021863144087796937,0.0010512614858403054,0.0010915058009371582,0.59,0.995,28.13965419216179
S9 drift decay .1 (hypothesis),DiD implied p-hat,0.7844403839309428,0.7,0.08444038393094296,0.0959182838744869,0.045555757711548295,0.047875860271664246,0.59,1.0,12.062911990134708
S9 drift decay .1 (hypothesis),Path a (pooled),0.21309192822090928,0.30000000000000004,-0.08690807177909075,0.08717812717552292,0.006865183488654284,0.006730071515071786,0.0,1.0,-28.969357259696913
S9 drift decay .1 (hypothesis),Indirect a*b (pooled),-0.004258964194185886,-0.006000000000000001,0.001741035805814115,0.0017621503457291093,0.0002723114902013016,0.00028465855810691563,0.0,1.0,29.017263430235246
S9 drift decay .1 (hypothesis),Direct c' (pooled),1.1360058968805653e-05,0.0,1.1360058968805653e-05,0.0003707690159353364,0.0003710590576965202,0.0003885511376002409,0.9675,0.0325,
S9 drift decay .1 (hypothesis),Indirect a*b (FE),-0.0041490886809628195,-0.006000000000000001,0.0018509113190371814,0.0018626609245615956,0.00020914675436365507,0.00022064422648956846,0.0,1.0,30.84852198395302
S9 drift decay .1 (hypothesis),Direct c' (FE),-1.987791476435048e-05,0.0,-1.987791476435048e-05,0.00028830637956296293,0.00028798050094343795,0.0002896713498204531,0.95,0.05,
S9 drift decay .1 (hypothesis),IV 2SLS,-0.016369246925558828,-0.02499920830939488,0.008629961383836048,0.018515209571544018,0.016399080440706232,0.01609447487518763,0.89,0.1825,34.52093873145914
S9 drift decay .1 (hypothesis),IV naive OLS,-0.01848340485740866,-0.02499920830939488,0.006515803451986218,0.0067932008903465796,0.0019223275529302078,0.00196951968174007,0.09,1.0,26.064039194143334
